Time,TS,pvalue,stars
1973-1980,0.241933889,0.999730495,
1981-1990,0.288040157,0.999552928,
1991-2000,0.340608753,0.999275075,
2001-2008,1.069780728,0.982828145,