TS,pvalue,stars
0.8030401201698195,0.9919919060706907,
1.6771963923707989,0.9468681342523929,
2.659635891505068,0.8501915161999224,
4.271415164693215,0.6399988307942708,
