Time,TS,pvalue,stars
1973-1980,0.803043769,0.991991808,
1981-1990,1.677290625,0.946860972,
1991-2000,2.659814494,0.850170629,
2001-2008,4.271372367,0.640004597,