Time,TS,pvalue,stars
1973-2008,0.9905314815563676,0.9859687086345381,
