Time,TS,pvalue,stars
1973-2008,0.086984815,0.999986728,