Time,TS,pvalue,stars
1973-2008,0.5805124238539399,0.9967164175266533,
