Time,TS,pvalue,stars
1973-2008,0.5692828929339032,0.9968904345406499,
