TS,pvalue,stars
0.9048864551189985,0.9889622717755919,
