Time,TS,pvalue,stars
1973-2008,0.904900647,0.98896181,