Time,TS,pvalue,stars
1980-2008,1.0358156200547401,0.9842180789017463,
